model,experiment_id,language,sample_id,text,gold,majority_prediction,is_correct_majority,prompt_sensitivity,prediction_counts,prediction_distribution,raw_outputs
tiiuae/Falcon3-7B-Instruct,Pilot_07_Unseen_Validation,english,1,How many wheels does a standard bicycle have?,NUMBER,NUMBER,True,-0.0,"{""NUMBER"": 8}","{""NUMBER"": 1.0}","[""NUMBER"", ""NUMBER"", ""NUMBER"", ""NUMBER"", ""NUMBER"", ""NUMBER"", ""NUMBER"", ""NUMBER""]"
tiiuae/Falcon3-7B-Instruct,Pilot_07_Unseen_Validation,english,2,In what year did the Titanic sink?,NUMBER,NUMBER,True,-0.0,"{""NUMBER"": 8}","{""NUMBER"": 1.0}","[""NUMBER"", ""NUMBER"", ""NUMBER"", ""NUMBER"", ""NUMBER"", ""NUMBER"", ""NUMBER"", ""NUMBER""]"
tiiuae/Falcon3-7B-Instruct,Pilot_07_Unseen_Validation,english,3,How many hours are in a full day?,NUMBER,NUMBER,True,-0.0,"{""NUMBER"": 8}","{""NUMBER"": 1.0}","[""NUMBER"", ""NUMBER"", ""NUMBER"", ""NUMBER"", ""NUMBER"", ""NUMBER"", ""NUMBER"", ""NUMBER""]"
tiiuae/Falcon3-7B-Instruct,Pilot_07_Unseen_Validation,english,4,What is 12 divided by 3?,NUMBER,NUMBER,True,-0.0,"{""NUMBER"": 8}","{""NUMBER"": 1.0}","[""NUMBER"", ""NUMBER"", ""NUMBER"", ""NUMBER"", ""NUMBER"", ""NUMBER"", ""NUMBER"", ""NUMBER""]"
tiiuae/Falcon3-7B-Instruct,Pilot_07_Unseen_Validation,english,5,How many degrees are in a right angle?,NUMBER,NUMBER,True,-0.0,"{""NUMBER"": 8}","{""NUMBER"": 1.0}","[""NUMBER"", ""NUMBER"", ""NUMBER"", ""NUMBER"", ""NUMBER"", ""NUMBER"", ""NUMBER"", ""NUMBER""]"
tiiuae/Falcon3-7B-Instruct,Pilot_07_Unseen_Validation,english,6,What is 20% of 200?,NUMBER,NUMBER,True,-0.0,"{""NUMBER"": 8}","{""NUMBER"": 1.0}","[""NUMBER"", ""NUMBER"", ""NUMBER"", ""NUMBER"", ""NUMBER"", ""NUMBER"", ""NUMBER"", ""NUMBER""]"
tiiuae/Falcon3-7B-Instruct,Pilot_07_Unseen_Validation,english,7,How many letters are in the English alphabet?,NUMBER,NUMBER,True,-0.0,"{""NUMBER"": 8}","{""NUMBER"": 1.0}","[""NUMBER"", ""NUMBER"", ""NUMBER"", ""NUMBER"", ""NUMBER"", ""NUMBER"", ""NUMBER"", ""NUMBER""]"
tiiuae/Falcon3-7B-Instruct,Pilot_07_Unseen_Validation,english,8,What is the value of 7 squared?,NUMBER,NUMBER,True,-0.0,"{""NUMBER"": 8}","{""NUMBER"": 1.0}","[""NUMBER"", ""NUMBER"", ""NUMBER"", ""NUMBER"", ""NUMBER"", ""NUMBER"", ""NUMBER"", ""NUMBER""]"
tiiuae/Falcon3-7B-Instruct,Pilot_07_Unseen_Validation,english,9,How many months have 31 days?,NUMBER,NUMBER,True,-0.0,"{""NUMBER"": 8}","{""NUMBER"": 1.0}","[""NUMBER"", ""NUMBER"", ""NUMBER"", ""NUMBER"", ""NUMBER"", ""NUMBER"", ""NUMBER"", ""NUMBER""]"
tiiuae/Falcon3-7B-Instruct,Pilot_07_Unseen_Validation,english,10,How many grams are in one kilogram?,NUMBER,NUMBER,True,-0.0,"{""NUMBER"": 8}","{""NUMBER"": 1.0}","[""NUMBER"", ""NUMBER"", ""NUMBER"", ""NUMBER"", ""NUMBER"", ""NUMBER"", ""NUMBER"", ""NUMBER""]"
tiiuae/Falcon3-7B-Instruct,Pilot_07_Unseen_Validation,english,21,Where is the Statue of Liberty located?,LOCATION,LOCATION,True,-0.0,"{""LOCATION"": 8}","{""LOCATION"": 1.0}","[""LOCATION"", ""LOCATION"", ""LOCATION"", ""LOCATION"", ""LOCATION"", ""LOCATION"", ""LOCATION"", ""LOCATION""]"
tiiuae/Falcon3-7B-Instruct,Pilot_07_Unseen_Validation,english,22,Which country is Lisbon in?,LOCATION,LOCATION,True,-0.0,"{""LOCATION"": 8}","{""LOCATION"": 1.0}","[""LOCATION"", ""LOCATION"", ""LOCATION"", ""LOCATION"", ""LOCATION"", ""LOCATION"", ""LOCATION"", ""LOCATION""]"
tiiuae/Falcon3-7B-Instruct,Pilot_07_Unseen_Validation,english,23,What is the capital city of Australia?,LOCATION,LOCATION,True,-0.0,"{""LOCATION"": 8}","{""LOCATION"": 1.0}","[""LOCATION"", ""LOCATION"", ""LOCATION"", ""LOCATION"", ""LOCATION"", ""LOCATION"", ""LOCATION"", ""LOCATION""]"
tiiuae/Falcon3-7B-Instruct,Pilot_07_Unseen_Validation,english,24,On which continent is Argentina located?,LOCATION,LOCATION,True,-0.0,"{""LOCATION"": 8}","{""LOCATION"": 1.0}","[""LOCATION"", ""LOCATION"", ""LOCATION"", ""LOCATION"", ""LOCATION"", ""LOCATION"", ""LOCATION"", ""LOCATION""]"
tiiuae/Falcon3-7B-Instruct,Pilot_07_Unseen_Validation,english,25,Where are the Pyramids of Giza located?,LOCATION,LOCATION,True,-0.0,"{""LOCATION"": 8}","{""LOCATION"": 1.0}","[""LOCATION"", ""LOCATION"", ""LOCATION"", ""LOCATION"", ""LOCATION"", ""LOCATION"", ""LOCATION"", ""LOCATION""]"
tiiuae/Falcon3-7B-Instruct,Pilot_07_Unseen_Validation,english,26,Which ocean is west of the United States?,LOCATION,LOCATION,True,-0.0,"{""LOCATION"": 8}","{""LOCATION"": 1.0}","[""LOCATION"", ""LOCATION"", ""LOCATION"", ""LOCATION"", ""LOCATION"", ""LOCATION"", ""LOCATION"", ""LOCATION""]"
tiiuae/Falcon3-7B-Instruct,Pilot_07_Unseen_Validation,english,27,Which city is famous for Big Ben?,LOCATION,LOCATION,True,-0.0,"{""LOCATION"": 8}","{""LOCATION"": 1.0}","[""LOCATION"", ""LOCATION"", ""LOCATION"", ""LOCATION"", ""LOCATION"", ""LOCATION"", ""LOCATION"", ""LOCATION""]"
tiiuae/Falcon3-7B-Instruct,Pilot_07_Unseen_Validation,english,28,In which country is the Taj Mahal located?,LOCATION,LOCATION,True,-0.0,"{""LOCATION"": 8}","{""LOCATION"": 1.0}","[""LOCATION"", ""LOCATION"", ""LOCATION"", ""LOCATION"", ""LOCATION"", ""LOCATION"", ""LOCATION"", ""LOCATION""]"
tiiuae/Falcon3-7B-Instruct,Pilot_07_Unseen_Validation,english,29,Where is Lake Victoria located?,LOCATION,LOCATION,True,-0.0,"{""LOCATION"": 8}","{""LOCATION"": 1.0}","[""LOCATION"", ""LOCATION"", ""LOCATION"", ""LOCATION"", ""LOCATION"", ""LOCATION"", ""LOCATION"", ""LOCATION""]"
tiiuae/Falcon3-7B-Instruct,Pilot_07_Unseen_Validation,english,30,Which region is known as the Middle East?,LOCATION,LOCATION,True,-0.0,"{""LOCATION"": 8}","{""LOCATION"": 1.0}","[""LOCATION"", ""LOCATION"", ""LOCATION"", ""LOCATION"", ""LOCATION"", ""LOCATION"", ""LOCATION"", ""LOCATION""]"
tiiuae/Falcon3-7B-Instruct,Pilot_07_Unseen_Validation,english,41,Who wrote Pride and Prejudice?,PERSON,PERSON,True,-0.0,"{""PERSON"": 8}","{""PERSON"": 1.0}","[""PERSON"", ""PERSON"", ""PERSON"", ""PERSON"", ""PERSON"", ""PERSON"", ""PERSON"", ""PERSON""]"
tiiuae/Falcon3-7B-Instruct,Pilot_07_Unseen_Validation,english,42,Who created the character Sherlock Holmes?,PERSON,PERSON,True,-0.0,"{""PERSON"": 8}","{""PERSON"": 1.0}","[""PERSON"", ""PERSON"", ""PERSON"", ""PERSON"", ""PERSON"", ""PERSON"", ""PERSON"", ""PERSON""]"
tiiuae/Falcon3-7B-Instruct,Pilot_07_Unseen_Validation,english,43,Who discovered penicillin?,PERSON,PERSON,True,-0.0,"{""PERSON"": 8}","{""PERSON"": 1.0}","[""PERSON"", ""PERSON"", ""PERSON"", ""PERSON"", ""PERSON"", ""PERSON"", ""PERSON"", ""PERSON""]"
tiiuae/Falcon3-7B-Instruct,Pilot_07_Unseen_Validation,english,44,Who painted The Starry Night?,PERSON,PERSON,True,-0.0,"{""PERSON"": 8}","{""PERSON"": 1.0}","[""PERSON"", ""PERSON"", ""PERSON"", ""PERSON"", ""PERSON"", ""PERSON"", ""PERSON"", ""PERSON""]"
tiiuae/Falcon3-7B-Instruct,Pilot_07_Unseen_Validation,english,45,Who was the first woman to win a Nobel Prize?,PERSON,PERSON,True,-0.0,"{""PERSON"": 8}","{""PERSON"": 1.0}","[""PERSON"", ""PERSON"", ""PERSON"", ""PERSON"", ""PERSON"", ""PERSON"", ""PERSON"", ""PERSON""]"
tiiuae/Falcon3-7B-Instruct,Pilot_07_Unseen_Validation,english,46,Who led India’s independence movement through nonviolent resistance?,PERSON,PERSON,True,-0.0,"{""PERSON"": 8}","{""PERSON"": 1.0}","[""PERSON"", ""PERSON"", ""PERSON"", ""PERSON"", ""PERSON"", ""PERSON"", ""PERSON"", ""PERSON""]"
tiiuae/Falcon3-7B-Instruct,Pilot_07_Unseen_Validation,english,47,Who is the author of The Lord of the Rings?,PERSON,PERSON,True,-0.0,"{""PERSON"": 8}","{""PERSON"": 1.0}","[""PERSON"", ""PERSON"", ""PERSON"", ""PERSON"", ""PERSON"", ""PERSON"", ""PERSON"", ""PERSON""]"
tiiuae/Falcon3-7B-Instruct,Pilot_07_Unseen_Validation,english,48,Who invented the World Wide Web?,PERSON,PERSON,True,-0.0,"{""PERSON"": 8}","{""PERSON"": 1.0}","[""PERSON"", ""PERSON"", ""PERSON"", ""PERSON"", ""PERSON"", ""PERSON"", ""PERSON"", ""PERSON""]"
tiiuae/Falcon3-7B-Instruct,Pilot_07_Unseen_Validation,english,49,Who was Cleopatra?,PERSON,PERSON,True,-0.0,"{""PERSON"": 8}","{""PERSON"": 1.0}","[""PERSON"", ""PERSON"", ""PERSON"", ""PERSON"", ""PERSON"", ""PERSON"", ""PERSON"", ""PERSON""]"
tiiuae/Falcon3-7B-Instruct,Pilot_07_Unseen_Validation,english,50,Who composed Moonlight Sonata?,PERSON,PERSON,True,-0.0,"{""PERSON"": 8}","{""PERSON"": 1.0}","[""PERSON"", ""PERSON"", ""PERSON"", ""PERSON"", ""PERSON"", ""PERSON"", ""PERSON"", ""PERSON""]"
tiiuae/Falcon3-7B-Instruct,Pilot_07_Unseen_Validation,english,61,What is gravity?,DESCRIPTION,DESCRIPTION,True,-0.0,"{""DESCRIPTION"": 8}","{""DESCRIPTION"": 1.0}","[""DESCRIPTION"", ""DESCRIPTION"", ""DESCRIPTION"", ""DESCRIPTION"", ""DESCRIPTION"", ""DESCRIPTION"", ""DESCRIPTION"", ""DESCRIPTION""]"
tiiuae/Falcon3-7B-Instruct,Pilot_07_Unseen_Validation,english,62,What does recycling mean?,DESCRIPTION,DESCRIPTION,True,-0.0,"{""DESCRIPTION"": 8}","{""DESCRIPTION"": 1.0}","[""DESCRIPTION"", ""DESCRIPTION"", ""DESCRIPTION"", ""DESCRIPTION"", ""DESCRIPTION"", ""DESCRIPTION"", ""DESCRIPTION"", ""DESCRIPTION""]"
tiiuae/Falcon3-7B-Instruct,Pilot_07_Unseen_Validation,english,63,What is the purpose of an operating system?,DESCRIPTION,DESCRIPTION,True,-0.0,"{""DESCRIPTION"": 8}","{""DESCRIPTION"": 1.0}","[""DESCRIPTION"", ""DESCRIPTION"", ""DESCRIPTION"", ""DESCRIPTION"", ""DESCRIPTION"", ""DESCRIPTION"", ""DESCRIPTION"", ""DESCRIPTION""]"
tiiuae/Falcon3-7B-Instruct,Pilot_07_Unseen_Validation,english,64,How does the internet work?,DESCRIPTION,DESCRIPTION,True,-0.0,"{""DESCRIPTION"": 8}","{""DESCRIPTION"": 1.0}","[""DESCRIPTION"", ""DESCRIPTION"", ""DESCRIPTION"", ""DESCRIPTION"", ""DESCRIPTION"", ""DESCRIPTION"", ""DESCRIPTION"", ""DESCRIPTION""]"
tiiuae/Falcon3-7B-Instruct,Pilot_07_Unseen_Validation,english,65,What is evaporation?,DESCRIPTION,DESCRIPTION,True,-0.0,"{""DESCRIPTION"": 8}","{""DESCRIPTION"": 1.0}","[""DESCRIPTION"", ""DESCRIPTION"", ""DESCRIPTION"", ""DESCRIPTION"", ""DESCRIPTION"", ""DESCRIPTION"", ""DESCRIPTION"", ""DESCRIPTION""]"
tiiuae/Falcon3-7B-Instruct,Pilot_07_Unseen_Validation,english,66,What does cultural diversity mean?,DESCRIPTION,DESCRIPTION,True,-0.0,"{""DESCRIPTION"": 8}","{""DESCRIPTION"": 1.0}","[""DESCRIPTION"", ""DESCRIPTION"", ""DESCRIPTION"", ""DESCRIPTION"", ""DESCRIPTION"", ""DESCRIPTION"", ""DESCRIPTION"", ""DESCRIPTION""]"
tiiuae/Falcon3-7B-Instruct,Pilot_07_Unseen_Validation,english,67,What is the role of the lungs?,DESCRIPTION,DESCRIPTION,True,-0.0,"{""DESCRIPTION"": 8}","{""DESCRIPTION"": 1.0}","[""DESCRIPTION"", ""DESCRIPTION"", ""DESCRIPTION"", ""DESCRIPTION"", ""DESCRIPTION"", ""DESCRIPTION"", ""DESCRIPTION"", ""DESCRIPTION""]"
tiiuae/Falcon3-7B-Instruct,Pilot_07_Unseen_Validation,english,68,What is blockchain?,DESCRIPTION,DESCRIPTION,True,-0.0,"{""DESCRIPTION"": 8}","{""DESCRIPTION"": 1.0}","[""DESCRIPTION"", ""DESCRIPTION"", ""DESCRIPTION"", ""DESCRIPTION"", ""DESCRIPTION"", ""DESCRIPTION"", ""DESCRIPTION"", ""DESCRIPTION""]"
tiiuae/Falcon3-7B-Instruct,Pilot_07_Unseen_Validation,english,69,What does supply and demand mean?,DESCRIPTION,DESCRIPTION,True,-0.0,"{""DESCRIPTION"": 8}","{""DESCRIPTION"": 1.0}","[""DESCRIPTION"", ""DESCRIPTION"", ""DESCRIPTION"", ""DESCRIPTION"", ""DESCRIPTION"", ""DESCRIPTION"", ""DESCRIPTION"", ""DESCRIPTION""]"
tiiuae/Falcon3-7B-Instruct,Pilot_07_Unseen_Validation,english,70,What is the function of a search engine?,DESCRIPTION,DESCRIPTION,True,-0.0,"{""DESCRIPTION"": 8}","{""DESCRIPTION"": 1.0}","[""DESCRIPTION"", ""DESCRIPTION"", ""DESCRIPTION"", ""DESCRIPTION"", ""DESCRIPTION"", ""DESCRIPTION"", ""DESCRIPTION"", ""DESCRIPTION""]"
tiiuae/Falcon3-7B-Instruct,Pilot_07_Unseen_Validation,english,81,What fruit is commonly used to make orange juice?,ENTITY,ENTITY,True,-0.0,"{""ENTITY"": 8}","{""ENTITY"": 1.0}","[""ENTITY"", ""ENTITY"", ""ENTITY"", ""ENTITY"", ""ENTITY"", ""ENTITY"", ""ENTITY"", ""ENTITY""]"
tiiuae/Falcon3-7B-Instruct,Pilot_07_Unseen_Validation,english,82,What tool is used to cut paper?,ENTITY,ENTITY,True,-0.0,"{""ENTITY"": 8}","{""ENTITY"": 1.0}","[""ENTITY"", ""ENTITY"", ""ENTITY"", ""ENTITY"", ""ENTITY"", ""ENTITY"", ""ENTITY"", ""ENTITY""]"
tiiuae/Falcon3-7B-Instruct,Pilot_07_Unseen_Validation,english,83,What vehicle runs on railway tracks?,ENTITY,ENTITY,True,-0.0,"{""ENTITY"": 8}","{""ENTITY"": 1.0}","[""ENTITY"", ""ENTITY"", ""ENTITY"", ""ENTITY"", ""ENTITY"", ""ENTITY"", ""ENTITY"", ""ENTITY""]"
tiiuae/Falcon3-7B-Instruct,Pilot_07_Unseen_Validation,english,84,What object is used to unlock a door?,ENTITY,ENTITY,True,-0.0,"{""ENTITY"": 8}","{""ENTITY"": 1.0}","[""ENTITY"", ""ENTITY"", ""ENTITY"", ""ENTITY"", ""ENTITY"", ""ENTITY"", ""ENTITY"", ""ENTITY""]"
tiiuae/Falcon3-7B-Instruct,Pilot_07_Unseen_Validation,english,85,What food is made from milk and often used on pizza?,ENTITY,ENTITY,True,-0.0,"{""ENTITY"": 8}","{""ENTITY"": 1.0}","[""ENTITY"", ""ENTITY"", ""ENTITY"", ""ENTITY"", ""ENTITY"", ""ENTITY"", ""ENTITY"", ""ENTITY""]"
tiiuae/Falcon3-7B-Instruct,Pilot_07_Unseen_Validation,english,86,What machine is used to wash clothes?,ENTITY,ENTITY,True,-0.0,"{""ENTITY"": 8}","{""ENTITY"": 1.0}","[""ENTITY"", ""ENTITY"", ""ENTITY"", ""ENTITY"", ""ENTITY"", ""ENTITY"", ""ENTITY"", ""ENTITY""]"
tiiuae/Falcon3-7B-Instruct,Pilot_07_Unseen_Validation,english,87,What material is commonly used to make windows?,ENTITY,ENTITY,True,-0.0,"{""ENTITY"": 8}","{""ENTITY"": 1.0}","[""ENTITY"", ""ENTITY"", ""ENTITY"", ""ENTITY"", ""ENTITY"", ""ENTITY"", ""ENTITY"", ""ENTITY""]"
tiiuae/Falcon3-7B-Instruct,Pilot_07_Unseen_Validation,english,88,What app is commonly used for video meetings?,ENTITY,ENTITY,True,-0.0,"{""ENTITY"": 8}","{""ENTITY"": 1.0}","[""ENTITY"", ""ENTITY"", ""ENTITY"", ""ENTITY"", ""ENTITY"", ""ENTITY"", ""ENTITY"", ""ENTITY""]"
tiiuae/Falcon3-7B-Instruct,Pilot_07_Unseen_Validation,english,89,What natural satellite orbits Earth?,ENTITY,ENTITY,True,-0.0,"{""ENTITY"": 8}","{""ENTITY"": 1.0}","[""ENTITY"", ""ENTITY"", ""ENTITY"", ""ENTITY"", ""ENTITY"", ""ENTITY"", ""ENTITY"", ""ENTITY""]"
tiiuae/Falcon3-7B-Instruct,Pilot_07_Unseen_Validation,english,90,What sport uses a racket and a shuttlecock?,ENTITY,ENTITY,True,0.28898309867585964,"{""DESCRIPTION"": 2, ""ENTITY"": 6}","{""DESCRIPTION"": 0.25, ""ENTITY"": 0.75}","[""DESCRIPTION"", ""ENTITY"", ""ENTITY"", ""ENTITY"", ""ENTITY"", ""ENTITY"", ""DESCRIPTION"", ""ENTITY""]"
tiiuae/Falcon3-7B-Instruct,Pilot_07_Unseen_Validation,english,101,What does ATM stand for?,ABBREVIATION,ABBREVIATION,True,-0.0,"{""ABBREVIATION"": 8}","{""ABBREVIATION"": 1.0}","[""ABBREVIATION"", ""ABBREVIATION"", ""ABBREVIATION"", ""ABBREVIATION"", ""ABBREVIATION"", ""ABBREVIATION"", ""ABBREVIATION"", ""ABBREVIATION""]"
tiiuae/Falcon3-7B-Instruct,Pilot_07_Unseen_Validation,english,102,What does FAQ stand for?,ABBREVIATION,ABBREVIATION,True,-0.0,"{""ABBREVIATION"": 8}","{""ABBREVIATION"": 1.0}","[""ABBREVIATION"", ""ABBREVIATION"", ""ABBREVIATION"", ""ABBREVIATION"", ""ABBREVIATION"", ""ABBREVIATION"", ""ABBREVIATION"", ""ABBREVIATION""]"
tiiuae/Falcon3-7B-Instruct,Pilot_07_Unseen_Validation,english,103,What does HTTP stand for?,ABBREVIATION,ABBREVIATION,True,-0.0,"{""ABBREVIATION"": 8}","{""ABBREVIATION"": 1.0}","[""ABBREVIATION"", ""ABBREVIATION"", ""ABBREVIATION"", ""ABBREVIATION"", ""ABBREVIATION"", ""ABBREVIATION"", ""ABBREVIATION"", ""ABBREVIATION""]"
tiiuae/Falcon3-7B-Instruct,Pilot_07_Unseen_Validation,english,104,What does SQL stand for?,ABBREVIATION,ABBREVIATION,True,-0.0,"{""ABBREVIATION"": 8}","{""ABBREVIATION"": 1.0}","[""ABBREVIATION"", ""ABBREVIATION"", ""ABBREVIATION"", ""ABBREVIATION"", ""ABBREVIATION"", ""ABBREVIATION"", ""ABBREVIATION"", ""ABBREVIATION""]"
tiiuae/Falcon3-7B-Instruct,Pilot_07_Unseen_Validation,english,105,What does LAN stand for?,ABBREVIATION,ABBREVIATION,True,-0.0,"{""ABBREVIATION"": 8}","{""ABBREVIATION"": 1.0}","[""ABBREVIATION"", ""ABBREVIATION"", ""ABBREVIATION"", ""ABBREVIATION"", ""ABBREVIATION"", ""ABBREVIATION"", ""ABBREVIATION"", ""ABBREVIATION""]"
tiiuae/Falcon3-7B-Instruct,Pilot_07_Unseen_Validation,english,106,What does VPN stand for?,ABBREVIATION,ABBREVIATION,True,-0.0,"{""ABBREVIATION"": 8}","{""ABBREVIATION"": 1.0}","[""ABBREVIATION"", ""ABBREVIATION"", ""ABBREVIATION"", ""ABBREVIATION"", ""ABBREVIATION"", ""ABBREVIATION"", ""ABBREVIATION"", ""ABBREVIATION""]"
tiiuae/Falcon3-7B-Instruct,Pilot_07_Unseen_Validation,english,107,What does API stand for?,ABBREVIATION,ABBREVIATION,True,-0.0,"{""ABBREVIATION"": 8}","{""ABBREVIATION"": 1.0}","[""ABBREVIATION"", ""ABBREVIATION"", ""ABBREVIATION"", ""ABBREVIATION"", ""ABBREVIATION"", ""ABBREVIATION"", ""ABBREVIATION"", ""ABBREVIATION""]"
tiiuae/Falcon3-7B-Instruct,Pilot_07_Unseen_Validation,english,108,What does SMS stand for?,ABBREVIATION,ABBREVIATION,True,-0.0,"{""ABBREVIATION"": 8}","{""ABBREVIATION"": 1.0}","[""ABBREVIATION"", ""ABBREVIATION"", ""ABBREVIATION"", ""ABBREVIATION"", ""ABBREVIATION"", ""ABBREVIATION"", ""ABBREVIATION"", ""ABBREVIATION""]"
tiiuae/Falcon3-7B-Instruct,Pilot_07_Unseen_Validation,english,109,What does CEO stand for?,ABBREVIATION,ABBREVIATION,True,-0.0,"{""ABBREVIATION"": 8}","{""ABBREVIATION"": 1.0}","[""ABBREVIATION"", ""ABBREVIATION"", ""ABBREVIATION"", ""ABBREVIATION"", ""ABBREVIATION"", ""ABBREVIATION"", ""ABBREVIATION"", ""ABBREVIATION""]"
tiiuae/Falcon3-7B-Instruct,Pilot_07_Unseen_Validation,english,110,What does NGO stand for?,ABBREVIATION,ABBREVIATION,True,-0.0,"{""ABBREVIATION"": 8}","{""ABBREVIATION"": 1.0}","[""ABBREVIATION"", ""ABBREVIATION"", ""ABBREVIATION"", ""ABBREVIATION"", ""ABBREVIATION"", ""ABBREVIATION"", ""ABBREVIATION"", ""ABBREVIATION""]"
tiiuae/Falcon3-7B-Instruct,Pilot_07_Unseen_Validation,arabic,11,كم عجلة في الدراجة العادية؟,NUMBER,NUMBER,True,-0.0,"{""NUMBER"": 8}","{""NUMBER"": 1.0}","[""NUMBER"", ""NUMBER"", ""NUMBER"", ""NUMBER"", ""NUMBER"", ""NUMBER"", ""NUMBER"", ""NUMBER""]"
tiiuae/Falcon3-7B-Instruct,Pilot_07_Unseen_Validation,arabic,12,في أي سنة غرقت سفينة تيتانيك؟,NUMBER,NUMBER,True,-0.0,"{""NUMBER"": 8}","{""NUMBER"": 1.0}","[""NUMBER"", ""NUMBER"", ""NUMBER"", ""NUMBER"", ""NUMBER"", ""NUMBER"", ""NUMBER"", ""NUMBER""]"
tiiuae/Falcon3-7B-Instruct,Pilot_07_Unseen_Validation,arabic,13,كم ساعة في اليوم الكامل؟,NUMBER,NUMBER,True,-0.0,"{""NUMBER"": 8}","{""NUMBER"": 1.0}","[""NUMBER"", ""NUMBER"", ""NUMBER"", ""NUMBER"", ""NUMBER"", ""NUMBER"", ""NUMBER"", ""NUMBER""]"
tiiuae/Falcon3-7B-Instruct,Pilot_07_Unseen_Validation,arabic,14,ما ناتج قسمة 12 على 3؟,NUMBER,NUMBER,True,-0.0,"{""NUMBER"": 8}","{""NUMBER"": 1.0}","[""NUMBER"", ""NUMBER"", ""NUMBER"", ""NUMBER"", ""NUMBER"", ""NUMBER"", ""NUMBER"", ""NUMBER""]"
tiiuae/Falcon3-7B-Instruct,Pilot_07_Unseen_Validation,arabic,15,كم درجة في الزاوية القائمة؟,NUMBER,NUMBER,True,-0.0,"{""NUMBER"": 8}","{""NUMBER"": 1.0}","[""NUMBER"", ""NUMBER"", ""NUMBER"", ""NUMBER"", ""NUMBER"", ""NUMBER"", ""NUMBER"", ""NUMBER""]"
tiiuae/Falcon3-7B-Instruct,Pilot_07_Unseen_Validation,arabic,16,ما قيمة 20% من 200؟,NUMBER,NUMBER,True,-0.0,"{""NUMBER"": 8}","{""NUMBER"": 1.0}","[""NUMBER"", ""NUMBER"", ""NUMBER"", ""NUMBER"", ""NUMBER"", ""NUMBER"", ""NUMBER"", ""NUMBER""]"
tiiuae/Falcon3-7B-Instruct,Pilot_07_Unseen_Validation,arabic,17,كم حرفًا في الأبجدية العربية؟,NUMBER,NUMBER,True,-0.0,"{""NUMBER"": 8}","{""NUMBER"": 1.0}","[""NUMBER"", ""NUMBER"", ""NUMBER"", ""NUMBER"", ""NUMBER"", ""NUMBER"", ""NUMBER"", ""NUMBER""]"
tiiuae/Falcon3-7B-Instruct,Pilot_07_Unseen_Validation,arabic,18,ما قيمة 7 تربيع؟,NUMBER,NUMBER,True,-0.0,"{""NUMBER"": 8}","{""NUMBER"": 1.0}","[""NUMBER"", ""NUMBER"", ""NUMBER"", ""NUMBER"", ""NUMBER"", ""NUMBER"", ""NUMBER"", ""NUMBER""]"
tiiuae/Falcon3-7B-Instruct,Pilot_07_Unseen_Validation,arabic,19,كم شهرًا يحتوي على 31 يومًا؟,NUMBER,NUMBER,True,-0.0,"{""NUMBER"": 8}","{""NUMBER"": 1.0}","[""NUMBER"", ""NUMBER"", ""NUMBER"", ""NUMBER"", ""NUMBER"", ""NUMBER"", ""NUMBER"", ""NUMBER""]"
tiiuae/Falcon3-7B-Instruct,Pilot_07_Unseen_Validation,arabic,20,كم غرامًا في الكيلوغرام الواحد؟,NUMBER,NUMBER,True,-0.0,"{""NUMBER"": 8}","{""NUMBER"": 1.0}","[""NUMBER"", ""NUMBER"", ""NUMBER"", ""NUMBER"", ""NUMBER"", ""NUMBER"", ""NUMBER"", ""NUMBER""]"
tiiuae/Falcon3-7B-Instruct,Pilot_07_Unseen_Validation,arabic,31,أين يقع تمثال الحرية؟,LOCATION,LOCATION,True,-0.0,"{""LOCATION"": 8}","{""LOCATION"": 1.0}","[""LOCATION"", ""LOCATION"", ""LOCATION"", ""LOCATION"", ""LOCATION"", ""LOCATION"", ""LOCATION"", ""LOCATION""]"
tiiuae/Falcon3-7B-Instruct,Pilot_07_Unseen_Validation,arabic,32,في أي دولة تقع لشبونة؟,LOCATION,LOCATION,True,-0.0,"{""LOCATION"": 8}","{""LOCATION"": 1.0}","[""LOCATION"", ""LOCATION"", ""LOCATION"", ""LOCATION"", ""LOCATION"", ""LOCATION"", ""LOCATION"", ""LOCATION""]"
tiiuae/Falcon3-7B-Instruct,Pilot_07_Unseen_Validation,arabic,33,ما عاصمة أستراليا؟,LOCATION,LOCATION,True,-0.0,"{""LOCATION"": 8}","{""LOCATION"": 1.0}","[""LOCATION"", ""LOCATION"", ""LOCATION"", ""LOCATION"", ""LOCATION"", ""LOCATION"", ""LOCATION"", ""LOCATION""]"
tiiuae/Falcon3-7B-Instruct,Pilot_07_Unseen_Validation,arabic,34,في أي قارة تقع الأرجنتين؟,LOCATION,LOCATION,True,-0.0,"{""LOCATION"": 8}","{""LOCATION"": 1.0}","[""LOCATION"", ""LOCATION"", ""LOCATION"", ""LOCATION"", ""LOCATION"", ""LOCATION"", ""LOCATION"", ""LOCATION""]"
tiiuae/Falcon3-7B-Instruct,Pilot_07_Unseen_Validation,arabic,35,أين تقع أهرامات الجيزة؟,LOCATION,LOCATION,True,-0.0,"{""LOCATION"": 8}","{""LOCATION"": 1.0}","[""LOCATION"", ""LOCATION"", ""LOCATION"", ""LOCATION"", ""LOCATION"", ""LOCATION"", ""LOCATION"", ""LOCATION""]"
tiiuae/Falcon3-7B-Instruct,Pilot_07_Unseen_Validation,arabic,36,ما المحيط الموجود غرب الولايات المتحدة؟,LOCATION,LOCATION,True,-0.0,"{""LOCATION"": 8}","{""LOCATION"": 1.0}","[""LOCATION"", ""LOCATION"", ""LOCATION"", ""LOCATION"", ""LOCATION"", ""LOCATION"", ""LOCATION"", ""LOCATION""]"
tiiuae/Falcon3-7B-Instruct,Pilot_07_Unseen_Validation,arabic,37,ما المدينة المشهورة بساعة بيغ بن؟,LOCATION,LOCATION,True,-0.0,"{""LOCATION"": 8}","{""LOCATION"": 1.0}","[""LOCATION"", ""LOCATION"", ""LOCATION"", ""LOCATION"", ""LOCATION"", ""LOCATION"", ""LOCATION"", ""LOCATION""]"
tiiuae/Falcon3-7B-Instruct,Pilot_07_Unseen_Validation,arabic,38,في أي دولة يقع تاج محل؟,LOCATION,LOCATION,True,-0.0,"{""LOCATION"": 8}","{""LOCATION"": 1.0}","[""LOCATION"", ""LOCATION"", ""LOCATION"", ""LOCATION"", ""LOCATION"", ""LOCATION"", ""LOCATION"", ""LOCATION""]"
tiiuae/Falcon3-7B-Instruct,Pilot_07_Unseen_Validation,arabic,39,أين تقع بحيرة فيكتوريا؟,LOCATION,LOCATION,True,-0.0,"{""LOCATION"": 8}","{""LOCATION"": 1.0}","[""LOCATION"", ""LOCATION"", ""LOCATION"", ""LOCATION"", ""LOCATION"", ""LOCATION"", ""LOCATION"", ""LOCATION""]"
tiiuae/Falcon3-7B-Instruct,Pilot_07_Unseen_Validation,arabic,40,ما المنطقة المعروفة باسم الشرق الأوسط؟,LOCATION,LOCATION,True,-0.0,"{""LOCATION"": 8}","{""LOCATION"": 1.0}","[""LOCATION"", ""LOCATION"", ""LOCATION"", ""LOCATION"", ""LOCATION"", ""LOCATION"", ""LOCATION"", ""LOCATION""]"
tiiuae/Falcon3-7B-Instruct,Pilot_07_Unseen_Validation,arabic,51,من كتب رواية كبرياء وتحامل؟,PERSON,PERSON,True,-0.0,"{""PERSON"": 8}","{""PERSON"": 1.0}","[""PERSON"", ""PERSON"", ""PERSON"", ""PERSON"", ""PERSON"", ""PERSON"", ""PERSON"", ""PERSON""]"
tiiuae/Falcon3-7B-Instruct,Pilot_07_Unseen_Validation,arabic,52,من ابتكر شخصية شرلوك هولمز؟,PERSON,PERSON,True,-0.0,"{""PERSON"": 8}","{""PERSON"": 1.0}","[""PERSON"", ""PERSON"", ""PERSON"", ""PERSON"", ""PERSON"", ""PERSON"", ""PERSON"", ""PERSON""]"
tiiuae/Falcon3-7B-Instruct,Pilot_07_Unseen_Validation,arabic,53,من اكتشف البنسلين؟,PERSON,PERSON,True,-0.0,"{""PERSON"": 8}","{""PERSON"": 1.0}","[""PERSON"", ""PERSON"", ""PERSON"", ""PERSON"", ""PERSON"", ""PERSON"", ""PERSON"", ""PERSON""]"
tiiuae/Falcon3-7B-Instruct,Pilot_07_Unseen_Validation,arabic,54,من رسم لوحة ليلة النجوم؟,PERSON,PERSON,True,-0.0,"{""PERSON"": 8}","{""PERSON"": 1.0}","[""PERSON"", ""PERSON"", ""PERSON"", ""PERSON"", ""PERSON"", ""PERSON"", ""PERSON"", ""PERSON""]"
tiiuae/Falcon3-7B-Instruct,Pilot_07_Unseen_Validation,arabic,55,من كانت أول امرأة تفوز بجائزة نوبل؟,PERSON,PERSON,True,-0.0,"{""PERSON"": 8}","{""PERSON"": 1.0}","[""PERSON"", ""PERSON"", ""PERSON"", ""PERSON"", ""PERSON"", ""PERSON"", ""PERSON"", ""PERSON""]"
tiiuae/Falcon3-7B-Instruct,Pilot_07_Unseen_Validation,arabic,56,من قاد حركة استقلال الهند بالمقاومة السلمية؟,PERSON,PERSON,True,-0.0,"{""PERSON"": 8}","{""PERSON"": 1.0}","[""PERSON"", ""PERSON"", ""PERSON"", ""PERSON"", ""PERSON"", ""PERSON"", ""PERSON"", ""PERSON""]"
tiiuae/Falcon3-7B-Instruct,Pilot_07_Unseen_Validation,arabic,57,من هو مؤلف رواية سيد الخواتم؟,PERSON,PERSON,True,-0.0,"{""PERSON"": 8}","{""PERSON"": 1.0}","[""PERSON"", ""PERSON"", ""PERSON"", ""PERSON"", ""PERSON"", ""PERSON"", ""PERSON"", ""PERSON""]"
tiiuae/Falcon3-7B-Instruct,Pilot_07_Unseen_Validation,arabic,58,من اخترع شبكة الويب العالمية؟,PERSON,PERSON,True,-0.0,"{""PERSON"": 8}","{""PERSON"": 1.0}","[""PERSON"", ""PERSON"", ""PERSON"", ""PERSON"", ""PERSON"", ""PERSON"", ""PERSON"", ""PERSON""]"
tiiuae/Falcon3-7B-Instruct,Pilot_07_Unseen_Validation,arabic,59,من كانت كليوباترا؟,PERSON,PERSON,True,-0.0,"{""PERSON"": 8}","{""PERSON"": 1.0}","[""PERSON"", ""PERSON"", ""PERSON"", ""PERSON"", ""PERSON"", ""PERSON"", ""PERSON"", ""PERSON""]"
tiiuae/Falcon3-7B-Instruct,Pilot_07_Unseen_Validation,arabic,60,من ألّف سوناتا ضوء القمر؟,PERSON,NUMBER,False,0.28898309867585964,"{""NUMBER"": 6, ""ENTITY"": 2}","{""NUMBER"": 0.75, ""ENTITY"": 0.25}","[""NUMBER"", ""NUMBER"", ""NUMBER"", ""NUMBER"", ""NUMBER"", ""ENTITY"", ""NUMBER"", ""ENTITY""]"
tiiuae/Falcon3-7B-Instruct,Pilot_07_Unseen_Validation,arabic,71,ما هي الجاذبية؟,DESCRIPTION,DESCRIPTION,True,-0.0,"{""DESCRIPTION"": 8}","{""DESCRIPTION"": 1.0}","[""DESCRIPTION"", ""DESCRIPTION"", ""DESCRIPTION"", ""DESCRIPTION"", ""DESCRIPTION"", ""DESCRIPTION"", ""DESCRIPTION"", ""DESCRIPTION""]"
tiiuae/Falcon3-7B-Instruct,Pilot_07_Unseen_Validation,arabic,72,ماذا تعني إعادة التدوير؟,DESCRIPTION,DESCRIPTION,True,-0.0,"{""DESCRIPTION"": 8}","{""DESCRIPTION"": 1.0}","[""DESCRIPTION"", ""DESCRIPTION"", ""DESCRIPTION"", ""DESCRIPTION"", ""DESCRIPTION"", ""DESCRIPTION"", ""DESCRIPTION"", ""DESCRIPTION""]"
tiiuae/Falcon3-7B-Instruct,Pilot_07_Unseen_Validation,arabic,73,ما وظيفة نظام التشغيل؟,DESCRIPTION,DESCRIPTION,True,-0.0,"{""DESCRIPTION"": 8}","{""DESCRIPTION"": 1.0}","[""DESCRIPTION"", ""DESCRIPTION"", ""DESCRIPTION"", ""DESCRIPTION"", ""DESCRIPTION"", ""DESCRIPTION"", ""DESCRIPTION"", ""DESCRIPTION""]"
tiiuae/Falcon3-7B-Instruct,Pilot_07_Unseen_Validation,arabic,74,كيف يعمل الإنترنت؟,DESCRIPTION,DESCRIPTION,True,-0.0,"{""DESCRIPTION"": 8}","{""DESCRIPTION"": 1.0}","[""DESCRIPTION"", ""DESCRIPTION"", ""DESCRIPTION"", ""DESCRIPTION"", ""DESCRIPTION"", ""DESCRIPTION"", ""DESCRIPTION"", ""DESCRIPTION""]"
tiiuae/Falcon3-7B-Instruct,Pilot_07_Unseen_Validation,arabic,75,ما هو التبخر؟,DESCRIPTION,DESCRIPTION,True,-0.0,"{""DESCRIPTION"": 8}","{""DESCRIPTION"": 1.0}","[""DESCRIPTION"", ""DESCRIPTION"", ""DESCRIPTION"", ""DESCRIPTION"", ""DESCRIPTION"", ""DESCRIPTION"", ""DESCRIPTION"", ""DESCRIPTION""]"
tiiuae/Falcon3-7B-Instruct,Pilot_07_Unseen_Validation,arabic,76,ماذا يعني التنوع الثقافي؟,DESCRIPTION,DESCRIPTION,True,-0.0,"{""DESCRIPTION"": 8}","{""DESCRIPTION"": 1.0}","[""DESCRIPTION"", ""DESCRIPTION"", ""DESCRIPTION"", ""DESCRIPTION"", ""DESCRIPTION"", ""DESCRIPTION"", ""DESCRIPTION"", ""DESCRIPTION""]"
tiiuae/Falcon3-7B-Instruct,Pilot_07_Unseen_Validation,arabic,77,ما دور الرئتين؟,DESCRIPTION,DESCRIPTION,True,0.3399762514621516,"{""PERSON"": 3, ""DESCRIPTION"": 5}","{""PERSON"": 0.375, ""DESCRIPTION"": 0.625}","[""PERSON"", ""DESCRIPTION"", ""DESCRIPTION"", ""DESCRIPTION"", ""DESCRIPTION"", ""PERSON"", ""PERSON"", ""DESCRIPTION""]"
tiiuae/Falcon3-7B-Instruct,Pilot_07_Unseen_Validation,arabic,78,ما هي تقنية البلوكشين؟,DESCRIPTION,DESCRIPTION,True,-0.0,"{""DESCRIPTION"": 8}","{""DESCRIPTION"": 1.0}","[""DESCRIPTION"", ""DESCRIPTION"", ""DESCRIPTION"", ""DESCRIPTION"", ""DESCRIPTION"", ""DESCRIPTION"", ""DESCRIPTION"", ""DESCRIPTION""]"
tiiuae/Falcon3-7B-Instruct,Pilot_07_Unseen_Validation,arabic,79,ماذا يعني العرض والطلب؟,DESCRIPTION,DESCRIPTION,True,-0.0,"{""DESCRIPTION"": 8}","{""DESCRIPTION"": 1.0}","[""DESCRIPTION"", ""DESCRIPTION"", ""DESCRIPTION"", ""DESCRIPTION"", ""DESCRIPTION"", ""DESCRIPTION"", ""DESCRIPTION"", ""DESCRIPTION""]"
tiiuae/Falcon3-7B-Instruct,Pilot_07_Unseen_Validation,arabic,80,ما وظيفة محرك البحث؟,DESCRIPTION,DESCRIPTION,True,-0.0,"{""DESCRIPTION"": 8}","{""DESCRIPTION"": 1.0}","[""DESCRIPTION"", ""DESCRIPTION"", ""DESCRIPTION"", ""DESCRIPTION"", ""DESCRIPTION"", ""DESCRIPTION"", ""DESCRIPTION"", ""DESCRIPTION""]"
tiiuae/Falcon3-7B-Instruct,Pilot_07_Unseen_Validation,arabic,91,ما الفاكهة المستخدمة عادة لصنع عصير البرتقال؟,ENTITY,ENTITY,True,-0.0,"{""ENTITY"": 8}","{""ENTITY"": 1.0}","[""ENTITY"", ""ENTITY"", ""ENTITY"", ""ENTITY"", ""ENTITY"", ""ENTITY"", ""ENTITY"", ""ENTITY""]"
tiiuae/Falcon3-7B-Instruct,Pilot_07_Unseen_Validation,arabic,92,ما الأداة المستخدمة لقص الورق؟,ENTITY,ENTITY,True,-0.0,"{""ENTITY"": 8}","{""ENTITY"": 1.0}","[""ENTITY"", ""ENTITY"", ""ENTITY"", ""ENTITY"", ""ENTITY"", ""ENTITY"", ""ENTITY"", ""ENTITY""]"
tiiuae/Falcon3-7B-Instruct,Pilot_07_Unseen_Validation,arabic,93,ما المركبة التي تسير على السكك الحديدية؟,ENTITY,ENTITY,True,-0.0,"{""ENTITY"": 8}","{""ENTITY"": 1.0}","[""ENTITY"", ""ENTITY"", ""ENTITY"", ""ENTITY"", ""ENTITY"", ""ENTITY"", ""ENTITY"", ""ENTITY""]"
tiiuae/Falcon3-7B-Instruct,Pilot_07_Unseen_Validation,arabic,94,ما الشيء المستخدم لفتح الباب؟,ENTITY,ENTITY,True,-0.0,"{""ENTITY"": 8}","{""ENTITY"": 1.0}","[""ENTITY"", ""ENTITY"", ""ENTITY"", ""ENTITY"", ""ENTITY"", ""ENTITY"", ""ENTITY"", ""ENTITY""]"
tiiuae/Falcon3-7B-Instruct,Pilot_07_Unseen_Validation,arabic,95,ما الطعام المصنوع من الحليب ويستخدم غالبًا على البيتزا؟,ENTITY,ENTITY,True,-0.0,"{""ENTITY"": 8}","{""ENTITY"": 1.0}","[""ENTITY"", ""ENTITY"", ""ENTITY"", ""ENTITY"", ""ENTITY"", ""ENTITY"", ""ENTITY"", ""ENTITY""]"
tiiuae/Falcon3-7B-Instruct,Pilot_07_Unseen_Validation,arabic,96,ما الآلة المستخدمة لغسل الملابس؟,ENTITY,ENTITY,True,-0.0,"{""ENTITY"": 8}","{""ENTITY"": 1.0}","[""ENTITY"", ""ENTITY"", ""ENTITY"", ""ENTITY"", ""ENTITY"", ""ENTITY"", ""ENTITY"", ""ENTITY""]"
tiiuae/Falcon3-7B-Instruct,Pilot_07_Unseen_Validation,arabic,97,ما المادة المستخدمة عادة لصنع النوافذ؟,ENTITY,ENTITY,True,-0.0,"{""ENTITY"": 8}","{""ENTITY"": 1.0}","[""ENTITY"", ""ENTITY"", ""ENTITY"", ""ENTITY"", ""ENTITY"", ""ENTITY"", ""ENTITY"", ""ENTITY""]"
tiiuae/Falcon3-7B-Instruct,Pilot_07_Unseen_Validation,arabic,98,ما التطبيق المستخدم عادة لاجتماعات الفيديو؟,ENTITY,ENTITY,True,-0.0,"{""ENTITY"": 8}","{""ENTITY"": 1.0}","[""ENTITY"", ""ENTITY"", ""ENTITY"", ""ENTITY"", ""ENTITY"", ""ENTITY"", ""ENTITY"", ""ENTITY""]"
tiiuae/Falcon3-7B-Instruct,Pilot_07_Unseen_Validation,arabic,99,ما القمر الطبيعي الذي يدور حول الأرض؟,ENTITY,ENTITY,True,-0.0,"{""ENTITY"": 8}","{""ENTITY"": 1.0}","[""ENTITY"", ""ENTITY"", ""ENTITY"", ""ENTITY"", ""ENTITY"", ""ENTITY"", ""ENTITY"", ""ENTITY""]"
tiiuae/Falcon3-7B-Instruct,Pilot_07_Unseen_Validation,arabic,100,ما الرياضة التي تستخدم مضربًا وريشة؟,ENTITY,ENTITY,True,-0.0,"{""ENTITY"": 8}","{""ENTITY"": 1.0}","[""ENTITY"", ""ENTITY"", ""ENTITY"", ""ENTITY"", ""ENTITY"", ""ENTITY"", ""ENTITY"", ""ENTITY""]"
tiiuae/Falcon3-7B-Instruct,Pilot_07_Unseen_Validation,arabic,111,ماذا يعني اختصار ATM؟,ABBREVIATION,ABBREVIATION,True,-0.0,"{""ABBREVIATION"": 8}","{""ABBREVIATION"": 1.0}","[""ABBREVIATION"", ""ABBREVIATION"", ""ABBREVIATION"", ""ABBREVIATION"", ""ABBREVIATION"", ""ABBREVIATION"", ""ABBREVIATION"", ""ABBREVIATION""]"
tiiuae/Falcon3-7B-Instruct,Pilot_07_Unseen_Validation,arabic,112,ماذا يعني اختصار FAQ؟,ABBREVIATION,ABBREVIATION,True,-0.0,"{""ABBREVIATION"": 8}","{""ABBREVIATION"": 1.0}","[""ABBREVIATION"", ""ABBREVIATION"", ""ABBREVIATION"", ""ABBREVIATION"", ""ABBREVIATION"", ""ABBREVIATION"", ""ABBREVIATION"", ""ABBREVIATION""]"
tiiuae/Falcon3-7B-Instruct,Pilot_07_Unseen_Validation,arabic,113,ماذا يعني اختصار HTTP؟,ABBREVIATION,ABBREVIATION,True,-0.0,"{""ABBREVIATION"": 8}","{""ABBREVIATION"": 1.0}","[""ABBREVIATION"", ""ABBREVIATION"", ""ABBREVIATION"", ""ABBREVIATION"", ""ABBREVIATION"", ""ABBREVIATION"", ""ABBREVIATION"", ""ABBREVIATION""]"
tiiuae/Falcon3-7B-Instruct,Pilot_07_Unseen_Validation,arabic,114,ماذا يعني اختصار SQL؟,ABBREVIATION,ABBREVIATION,True,-0.0,"{""ABBREVIATION"": 8}","{""ABBREVIATION"": 1.0}","[""ABBREVIATION"", ""ABBREVIATION"", ""ABBREVIATION"", ""ABBREVIATION"", ""ABBREVIATION"", ""ABBREVIATION"", ""ABBREVIATION"", ""ABBREVIATION""]"
tiiuae/Falcon3-7B-Instruct,Pilot_07_Unseen_Validation,arabic,115,ماذا يعني اختصار LAN؟,ABBREVIATION,ABBREVIATION,True,-0.0,"{""ABBREVIATION"": 8}","{""ABBREVIATION"": 1.0}","[""ABBREVIATION"", ""ABBREVIATION"", ""ABBREVIATION"", ""ABBREVIATION"", ""ABBREVIATION"", ""ABBREVIATION"", ""ABBREVIATION"", ""ABBREVIATION""]"
tiiuae/Falcon3-7B-Instruct,Pilot_07_Unseen_Validation,arabic,116,ماذا يعني اختصار VPN؟,ABBREVIATION,ABBREVIATION,True,-0.0,"{""ABBREVIATION"": 8}","{""ABBREVIATION"": 1.0}","[""ABBREVIATION"", ""ABBREVIATION"", ""ABBREVIATION"", ""ABBREVIATION"", ""ABBREVIATION"", ""ABBREVIATION"", ""ABBREVIATION"", ""ABBREVIATION""]"
tiiuae/Falcon3-7B-Instruct,Pilot_07_Unseen_Validation,arabic,117,ماذا يعني اختصار API؟,ABBREVIATION,ABBREVIATION,True,-0.0,"{""ABBREVIATION"": 8}","{""ABBREVIATION"": 1.0}","[""ABBREVIATION"", ""ABBREVIATION"", ""ABBREVIATION"", ""ABBREVIATION"", ""ABBREVIATION"", ""ABBREVIATION"", ""ABBREVIATION"", ""ABBREVIATION""]"
tiiuae/Falcon3-7B-Instruct,Pilot_07_Unseen_Validation,arabic,118,ماذا يعني اختصار SMS؟,ABBREVIATION,ABBREVIATION,True,-0.0,"{""ABBREVIATION"": 8}","{""ABBREVIATION"": 1.0}","[""ABBREVIATION"", ""ABBREVIATION"", ""ABBREVIATION"", ""ABBREVIATION"", ""ABBREVIATION"", ""ABBREVIATION"", ""ABBREVIATION"", ""ABBREVIATION""]"
tiiuae/Falcon3-7B-Instruct,Pilot_07_Unseen_Validation,arabic,119,ماذا يعني اختصار CEO؟,ABBREVIATION,ABBREVIATION,True,-0.0,"{""ABBREVIATION"": 8}","{""ABBREVIATION"": 1.0}","[""ABBREVIATION"", ""ABBREVIATION"", ""ABBREVIATION"", ""ABBREVIATION"", ""ABBREVIATION"", ""ABBREVIATION"", ""ABBREVIATION"", ""ABBREVIATION""]"
tiiuae/Falcon3-7B-Instruct,Pilot_07_Unseen_Validation,arabic,120,ماذا يعني اختصار NGO؟,ABBREVIATION,ABBREVIATION,True,-0.0,"{""ABBREVIATION"": 8}","{""ABBREVIATION"": 1.0}","[""ABBREVIATION"", ""ABBREVIATION"", ""ABBREVIATION"", ""ABBREVIATION"", ""ABBREVIATION"", ""ABBREVIATION"", ""ABBREVIATION"", ""ABBREVIATION""]"
